FOLD,MAE
FOLD 0,0.7610936401581726
FOLD 1,0.7601419798110793
FOLD 2,0.7604452518575097
FOLD 3,0.751786113641411
FOLD 4,0.7500863443087705
